{
    "allScaleMax": {
        "x": 0.5,
        "y": 0.5,
        "z": 0.5
    },
    "allScaleMin": {
        "x": 0.0,
        "y": 0.0,
        "z": 0.0
    },
    "alphaMax": 1.0,
    "alphaMin": 0.8999999761581421,
    "count": 2,
    "emitFrequency": 0.019999999552965164,
    "emitterRotation": {
        "x": 0.0,
        "y": 0.0,
        "z": 0.0
    },
    "emitterScale": {
        "x": 1.2999999523162842,
        "y": 1.2999999523162842,
        "z": 1.0
    },
    "emitterTranslation": {
        "x": -18.5,
        "y": 7.400000095367432,
        "z": 0.0
    },
    "endAcce": {
        "x": 0.0,
        "y": 1.0,
        "z": 0.0
    },
    "endRote": {
        "x": 0.0,
        "y": 0.0,
        "z": 0.0
    },
    "endScale": {
        "x": 2.0,
        "y": 2.0,
        "z": 2.0
    },
    "fileName": "debug/plane.obj",
    "isAcceMultiply": true,
    "isActive": false,
    "isAllRamdomScale": true,
    "isBillBoard": false,
    "isFaceDirection": true,
    "isRandomColor": false,
    "isRandomRotate": false,
    "isRandomScale": false,
    "isSinMove": false,
    "isVisible": false,
    "lifeTimeMax": 0.5,
    "lifeTimeMin": 0.30000001192092896,
    "rotateVelocityMax": {
        "x": 0.07000000029802322,
        "y": 0.07000000029802322,
        "z": 0.07000000029802322
    },
    "rotateVelocityMin": {
        "x": -0.07000000029802322,
        "y": -0.07000000029802322,
        "z": -0.07000000029802322
    },
    "scaleMax": 1.0,
    "scaleMin": 1.0,
    "startAcce": {
        "x": 0.0,
        "y": 1.0,
        "z": 0.0
    },
    "startRote": {
        "x": 0.0,
        "y": 0.0,
        "z": 0.0
    },
    "startScale": {
        "x": 1.0,
        "y": 1.0,
        "z": 1.0
    },
    "texturePath": "particle/Arrow.png",
    "velocityMax": {
        "x": -0.0010000000474974513,
        "y": -0.5,
        "z": 0.0
    },
    "velocityMin": {
        "x": -0.0010000000474974513,
        "y": -3.0,
        "z": 0.0
    }
}