{
    "allScaleMax": {
        "x": 0.05000000074505806,
        "y": 0.30000001192092896,
        "z": 0.05000000074505806
    },
    "allScaleMin": {
        "x": 0.009999999776482582,
        "y": 0.10000000149011612,
        "z": 0.019999999552965164
    },
    "alphaMax": 1.0,
    "alphaMin": 1.0,
    "count": 20,
    "emitFrequency": 0.5,
    "emitterRotation": {
        "x": 0.0,
        "y": 0.0,
        "z": 0.0
    },
    "emitterScale": {
        "x": 0.0,
        "y": 0.0,
        "z": 0.0
    },
    "emitterTranslation": {
        "x": 0.0,
        "y": 0.0,
        "z": 0.0
    },
    "endAcce": {
        "x": 0.0,
        "y": 0.0,
        "z": 0.0
    },
    "endRote": {
        "x": 0.0,
        "y": 0.0,
        "z": 0.0
    },
    "endScale": {
        "x": 0.0,
        "y": 0.0,
        "z": 0.0
    },
    "fileName": "debug/sphere.obj",
    "isAcceMultiply": true,
    "isActive": false,
    "isAllRamdomScale": true,
    "isBillBoard": false,
    "isFaceDirection": true,
    "isRandomColor": false,
    "isRandomRotate": false,
    "isRandomScale": false,
    "isSinMove": false,
    "isVisible": false,
    "lifeTimeMax": 0.800000011920929,
    "lifeTimeMin": 0.4000000059604645,
    "rotateVelocityMax": {
        "x": 0.07000000029802322,
        "y": 0.07000000029802322,
        "z": 0.07000000029802322
    },
    "rotateVelocityMin": {
        "x": -0.07000000029802322,
        "y": -0.07000000029802322,
        "z": -0.07000000029802322
    },
    "scaleMax": 1.0,
    "scaleMin": 1.0,
    "startAcce": {
        "x": 1.0,
        "y": 1.0,
        "z": 0.0
    },
    "startRote": {
        "x": 0.0,
        "y": 0.0,
        "z": 0.0
    },
    "startScale": {
        "x": 1.0,
        "y": 1.0,
        "z": 1.0
    },
    "texturePath": "clear/UI2_1x1.png",
    "velocityMax": {
        "x": 20.0,
        "y": 3.0,
        "z": 0.0
    },
    "velocityMin": {
        "x": -20.0,
        "y": -3.0,
        "z": 0.0
    }
}