{
    "GroupName_0": "aaa",
    "GroupName_1": "ik",
    "GroupName_2": "ppp",
    "allScaleMax": {
        "x": 0.05000000074505806,
        "y": 1.0,
        "z": 1.0
    },
    "allScaleMin": {
        "x": 0.009999999776482582,
        "y": 0.4000000059604645,
        "z": 0.0
    },
    "alphaMax": 1.0,
    "alphaMin": 1.0,
    "count": 1,
    "emitFrequency": 1.0,
    "emitterRotation": {
        "x": 0.0,
        "y": 0.0,
        "z": 0.0
    },
    "emitterScale": {
        "x": 0.0,
        "y": 0.0,
        "z": 0.0
    },
    "emitterTranslation": {
        "x": 0.0,
        "y": 0.0,
        "z": -25.0
    },
    "endAcce": {
        "x": 1.0,
        "y": 1.0,
        "z": 1.0
    },
    "endRote": {
        "x": 0.0,
        "y": 0.0,
        "z": 0.0
    },
    "endScale": {
        "x": 0.0,
        "y": 0.0,
        "z": 0.0
    },
    "fileName": "debug/plane.obj",
    "isAcceMultiply": true,
    "isActive": true,
    "isAllRamdomScale": true,
    "isBillBoard": false,
    "isEndScale": true,
    "isFaceDirection": false,
    "isRandomColor": false,
    "isRandomRotate": true,
    "isRandomScale": false,
    "isSinMove": false,
    "isVisible": true,
    "lifeTimeMax": 0.699999988079071,
    "lifeTimeMin": 0.699999988079071,
    "rotateStartMax": {
        "x": 3.1415927410125732,
        "y": 3.1415927410125732,
        "z": 3.1415927410125732
    },
    "rotateStartMin": {
        "x": -3.1415927410125732,
        "y": -3.1415927410125732,
        "z": -3.1415927410125732
    },
    "rotateVelocityMax": {
        "x": 0.07000000029802322,
        "y": 0.07000000029802322,
        "z": 0.07000000029802322
    },
    "rotateVelocityMin": {
        "x": -0.07000000029802322,
        "y": -0.07000000029802322,
        "z": -0.07000000029802322
    },
    "scaleMax": 1.0,
    "scaleMin": 1.0,
    "startAcce": {
        "x": 1.0,
        "y": 1.0,
        "z": 1.0
    },
    "startRote": {
        "x": 0.0,
        "y": 0.0,
        "z": 0.0
    },
    "startScale": {
        "x": 0.05000000074505806,
        "y": 1.0,
        "z": 1.0
    },
    "texturePath": "debug/circle2.png",
    "velocityMax": {
        "x": 0.0,
        "y": 0.0,
        "z": 0.0
    },
    "velocityMin": {
        "x": 0.0,
        "y": 0.0,
        "z": 0.0
    }
}